year,1.5C,2.0C,2.5C,3.0C,3.5C,4.0C,4.5C
2020,5.7603328885,134.8914364654,134.8914364654,134.8914364654,134.8914364654,134.8914364654,134.8914364654
2025,16.6104290393,156.522057638,156.7274554731,156.7434195699,156.7434195704,156.7434195706,156.7434195707
2030,64.1215648398,180.2068828269,180.5316033523,180.5578833425,180.5578833433,180.5578833436,180.5578833437
2035,116.6904736736,205.9917932514,206.3432390884,206.3749285613,206.3749285623,206.3749285627,206.3749285628
2040,175.8825109786,233.9201475556,234.421048445,234.4672993706,234.467299372,234.4672993726,234.4672993728
2045,239.0913993548,264.3267199556,264.9453180119,265.0043800482,265.00438005,265.0043800508,265.004380051
2050,304.4662957193,297.3987196555,298.0915034224,298.1622015221,298.1622015244,298.1622015253,298.1622015256
2055,387.688228345,333.3138672748,334.0464718302,334.1282452236,334.1282452263,334.1282452273,334.1282452276
2060,430.7767936474,372.3304798976,373.0456951802,373.1358004403,373.1358004434,373.1358004446,373.1358004449
2065,444.4569691957,414.6693773873,415.3316476674,415.4253512,415.4253512033,415.4253512046,415.425351205
2070,459.1686938763,460.4963881066,461.171652045,461.2612278147,461.2612278182,461.2612278195,461.2612278199
2075,468.1273673074,509.8596257285,510.8589584619,510.9328372066,510.9328372099,510.9328372113,510.9328372117
2080,475.2840676313,563.0024308813,564.7130213048,564.7558735804,564.7558735834,564.7558735847,564.755873585
2085,480.7224347617,621.2956983133,623.0775194945,623.0734252965,623.073425299,623.0734253,623.0734253002
2090,484.8732188266,684.6949947348,686.312523975,686.2565489679,686.2565489696,686.2565489704,686.2565489705
2095,488.0658446558,753.4755644244,754.77377402,754.7032903358,754.7032903375,754.7032903382,754.7032903383
2100,489.8831536875,827.9825987015,828.772607933,828.8338531439,828.8338531483,828.8338531501,828.8338531505
2105,471.5897173236,908.5528053155,908.5578303145,909.0767412363,909.0767412514,909.0767412575,909.0767412589
2110,473.3880797568,996.3721585647,994.89294451,996.0075844359,996.007584482,996.0075845003,996.0075845049
2115,472.6577121424,1091.1344362351,1089.4911722019,1090.1210202206,1090.1210203465,1090.121020397,1090.1210204095
2120,472.1240140307,1193.5974494778,1192.0041626874,1191.8784422165,1191.8784425371,1191.8784426655,1191.8784426971
2125,471.3031958686,1304.3891624497,1302.3491315437,1301.6222643703,1301.6222651483,1301.6222654598,1301.6222655364
2130,470.2606137538,1424.2834518314,1420.917564926,1419.4230771253,1419.4230762796,1419.4230759409,1419.4230758576
2135,469.0143080846,1554.2505058997,1548.7470788967,1547.6508699407,1547.6508695083,1547.6508693351,1547.6508692925
2140,467.5917133463,1693.7700979548,1687.5122764658,1686.6537763925,1686.6537762061,1686.6537761314,1686.653776113
2145,466.0178309656,1843.450363978,1837.6812742575,1836.9659326754,1836.9659326315,1836.9659326138,1836.9659326095
2150,464.3154284114,2004.711403128,1999.8795281172,1999.2561700959,1999.2561701333,1999.2561701482,1999.2561701519
2155,483.1395462173,2179.1696703159,2174.8490063856,2174.2933707714,2174.293370855,2174.2933708885,2174.2933708967
2160,501.9692123584,2367.4704562649,2363.4207099483,2362.9251202121,2362.9251203217,2362.9251203656,2362.9251203763
2165,518.6900818333,2570.4050623382,2566.4990029545,2566.0662025272,2566.0662026511,2566.0662027007,2566.0662027128
2170,532.010478901,2788.8912683651,2785.0689487904,2784.70860688,2784.7086070112,2784.7086070638,2784.7086070767
2175,529.3570666154,3023.9290565156,3020.1698817096,3019.8963568052,3019.8963569396,3019.8963569934,3019.8963570066
2180,526.716887274,3276.5850778427,3272.8898655506,3272.7202962149,3272.7202963496,3272.7202964035,3272.7202964167
2185,524.0898758534,3547.9768594215,3544.3537182901,3544.3054696378,3544.305469771,3544.3054698243,3544.3054698373
2190,521.4759666993,3839.2483889419,3835.6967237595,3835.7827722022,3835.782772333,3835.7827723854,3835.7827723982
2195,518.8750944685,4151.5231542913,4148.0084277731,4148.228126613,4148.228126742,4148.2281267937,4148.2281268063
