temperature_limit_C,year,atmospheric_concentration_ppm,atmospheric_temperature_increase_C,carbon_price_usd_per_tCO2,consumption_per_capita_2019USD,emissions_control_rate,gross_investment,gross_output,social_cost_of_carbon_usd_per_tCO2,total_CO2_emissions_GtCO2_per_year
1.5,2050,413.2971067634,1.4956938242,7.7134661545,88.1126042683,0.7200000001,8.188297518,304.4662957193,16551.7002868355,5.6611279675
1.5,2100,404.6155040813,1.5000000001,203.4320231776,828.1601186815,1.0000000001,56.5662866578,489.8831536875,576.6985659073,-8.8e-09
1.5,2150,398.9737170823,1.4999999998,518.9593109758,2009.1603193218,0.9977507978,133.5514328443,464.3154284114,524.4570137923,0.387131893
1.5,2195,323.810712194,0.986532758,1120.8448046614,4153.4835397848,1.1000000001,272.2844161442,518.8750944685,676.3294911205,-28.3376351909
2.0,2050,474.6883971701,1.8503803447,199.5278095955,23.0264635416,0.5528694958,71.8296360526,297.3987196555,213.1277987454,27.1826797126
2.0,2100,474.7488900613,2.0000000002,480.4133306593,56.3043147473,0.9878740801,201.6954717901,827.9825987015,509.3657936603,1.2034602179
2.0,2150,437.8648079817,1.8595061376,542.7578046435,131.8587420649,1.1000000001,513.7850504155,2004.711403128,672.8301422554,-17.1739362943
2.0,2195,354.0688893219,1.3185859586,518.8750944994,271.2223460916,1.1000000001,1119.3905352505,4151.5231542913,991.3727416296,-28.32426721
2.5,2050,486.8249533199,1.9189818461,120.6530116709,23.2092220657,0.403721461,72.3223336092,298.0915034224,130.6297435751,36.3300160525
2.5,2100,553.6033528788,2.4995618575,422.1703552593,56.2226779011,0.9112174293,200.9654999651,828.772607933,442.1245361276,8.8197115091
2.5,2150,487.9811922638,2.2228047248,542.757804661,130.7059326963,1.1000000001,511.2511176359,1999.8795281172,854.5102210534,-17.1326345324
2.5,2195,395.8343262581,1.705724479,518.8750945031,269.6050256633,1.1000000001,1116.6060395036,4148.0084277731,1399.2028354669,-28.3003000693
3.0,2050,487.7949218221,1.9244084727,115.0710666103,23.2190565902,0.3919442689,72.3833951862,298.1622015221,124.5398312283,37.0559103298
3.0,2100,569.2425251218,2.5805426802,370.6549305814,56.3613509073,0.840036773,201.7340178583,828.8338531439,393.3679297135,15.8920001348
3.0,2150,497.9324718177,2.2890249645,542.7578046621,130.4880311949,1.1000000001,510.9277272796,1999.2561700959,913.215011795,-17.1273062104
3.0,2195,404.016782646,1.7751467396,518.8750945037,269.2711264757,1.1000000001,1116.9536021736,4148.228126613,1562.0862250022,-28.3017982098
3.5,2050,487.7949218489,1.9244084728,115.0710664609,23.2190565904,0.3919442686,72.3833951882,298.1622015244,124.5398310454,37.0559103495
3.5,2100,569.242525482,2.5805426821,370.6549294797,56.3613509097,0.8400367715,201.7340178783,828.8338531483,393.3679284922,15.8920002899
3.5,2150,497.9324699375,2.2890249526,542.7578046621,130.4880312235,1.1000000001,510.9277273843,1999.2561701333,913.2150063019,-17.1273062108
3.5,2195,404.0167812231,1.7751467285,518.8750945037,269.2711265305,1.1000000001,1116.9536022733,4148.228126742,1562.0862122211,-28.3017982106
4.0,2050,487.7949218596,1.9244084729,115.0710664011,23.2190565905,0.3919442685,72.3833951891,298.1622015253,124.5398309723,37.0559103573
4.0,2100,569.242525626,2.5805426828,370.6549290412,56.3613509107,0.8400367708,201.7340178863,828.8338531501,393.3679280062,15.8920003517
4.0,2150,497.9324691843,2.2890249479,542.7578046621,130.4880312349,1.1000000001,510.9277274263,1999.2561701482,913.2150040929,-17.1273062109
4.0,2195,404.0167806529,1.7751467241,518.8750945037,269.2711265525,1.1000000001,1116.9536023133,4148.2281267937,1562.0862070937,-28.301798211
4.5,2050,487.7949218623,1.9244084729,115.0710663864,23.2190565906,0.3919442685,72.3833951892,298.1622015256,124.5398309542,37.0559103593
4.5,2100,569.2425256616,2.580542683,370.6549289334,56.3613509109,0.8400367707,201.7340178882,828.8338531505,393.3679278867,15.8920003669
4.5,2150,497.9324689993,2.2890249467,542.7578046621,130.4880312377,1.1000000001,510.9277274366,1999.2561701519,913.2150035532,-17.1273062109
4.5,2195,404.016780513,1.775146723,518.8750945037,269.2711265579,1.1000000001,1116.9536023231,4148.2281268063,1562.0862058347,-28.3017982111
